{
  "rmse": 0.8686964193550114,
  "r2": 0.24602731838624536
}